Vendas,Produto,Categoria,Preço,Desconto,Quantidade,Região,Data
1,Produto A,Livros,92.24,5,4,Leste,2023-01-01
2,Produto C,Eletrônicos,71.34,10,5,Sul,2023-01-02
3,Produto A,Roupas,357.25,15,1,Sul,2023-01-03
4,Produto B,Eletrônicos,247.08,25,3,Norte,2023-01-04
5,Produto A,Roupas,491.73,20,6,Sul,2023-01-05
6,Produto B,Roupas,113.5,10,3,Leste,2023-01-06
7,Produto A,Casa,100.1,20,4,Sul,2023-01-07
8,Produto B,Roupas,259.81,20,6,Norte,2023-01-08
9,Produto C,Livros,378.19,0,5,Norte,2023-01-09
10,Produto A,Eletrônicos,330.12,15,4,Leste,2023-01-10
11,Produto C,Casa,150.61,15,9,Oeste,2023-01-11
12,Produto A,Roupas,189.17,5,7,Oeste,2023-01-12
13,Produto A,Livros,455.19,0,6,Sul,2023-01-13
14,Produto D,Eletrônicos,51.51,10,3,Leste,2023-01-14
15,Produto D,Eletrônicos,358.81,15,1,Leste,2023-01-15
16,Produto B,Roupas,406.09,20,9,Oeste,2023-01-16
17,Produto C,Eletrônicos,115.26,25,2,Sul,2023-01-17
18,Produto B,Casa,206.43,25,4,Leste,2023-01-18
19,Produto C,Livros,420.74,25,2,Oeste,2023-01-19
20,Produto A,Livros,41.24,20,3,Sul,2023-01-20
21,Produto C,Roupas,402.39,0,4,Norte,2023-01-21
22,Produto D,Livros,295.08,10,2,Oeste,2023-01-22
23,Produto A,Livros,218.3,0,8,Oeste,2023-01-23
24,Produto C,Livros,342.74,0,8,Norte,2023-01-24
25,Produto D,Roupas,133.53,10,6,Leste,2023-01-25
26,Produto B,Livros,447.2,25,7,Oeste,2023-01-26
27,Produto B,Casa,372.91,0,3,Oeste,2023-01-27
28,Produto C,Eletrônicos,277.07,15,4,Sul,2023-01-28
29,Produto D,Casa,293.93,25,2,Sul,2023-01-29
30,Produto A,Casa,227.91,15,2,Leste,2023-01-30
31,Produto D,Eletrônicos,484.57,5,4,Norte,2023-01-31
32,Produto A,Livros,478.22,0,5,Oeste,2023-02-01
33,Produto C,Casa,35.78,0,3,Norte,2023-02-02
34,Produto D,Casa,93.26,20,7,Leste,2023-02-03
35,Produto D,Livros,393.17,0,9,Sul,2023-02-04
36,Produto B,Eletrônicos,183.93,25,4,Leste,2023-02-05
37,Produto D,Casa,406.48,15,8,Oeste,2023-02-06
38,Produto C,Eletrônicos,206.9,25,2,Leste,2023-02-07
39,Produto B,Livros,282.54,15,6,Leste,2023-02-08
40,Produto C,Roupas,498.27,25,4,Norte,2023-02-09
41,Produto C,Roupas,436.31,5,3,Oeste,2023-02-10
42,Produto A,Casa,269.82,25,2,Leste,2023-02-11
43,Produto C,Livros,373.71,20,6,Sul,2023-02-12
44,Produto B,Roupas,34.52,5,9,Norte,2023-02-13
45,Produto B,Roupas,68.07,20,9,Sul,2023-02-14
46,Produto C,Casa,163.73,25,8,Oeste,2023-02-15
47,Produto C,Eletrônicos,258.03,10,3,Leste,2023-02-16
48,Produto C,Livros,447.31,15,9,Leste,2023-02-17
49,Produto C,Eletrônicos,498.52,5,4,Leste,2023-02-18
50,Produto C,Roupas,378.39,20,4,Leste,2023-02-19
51,Produto D,Casa,135.01,15,6,Sul,2023-02-20
52,Produto A,Roupas,268.94,15,5,Leste,2023-02-21
53,Produto D,Roupas,56.62,0,1,Leste,2023-02-22
54,Produto C,Roupas,292.47,10,4,Oeste,2023-02-23
55,Produto B,Roupas,408.24,15,8,Leste,2023-02-24
56,Produto D,Roupas,37.15,20,6,Norte,2023-02-25
57,Produto D,Casa,261.4,0,9,Oeste,2023-02-26
58,Produto C,Livros,30.74,15,1,Sul,2023-02-27
59,Produto A,Eletrônicos,289.57,0,7,Oeste,2023-02-28
60,Produto D,Eletrônicos,368.58,20,2,Oeste,2023-03-01
61,Produto B,Roupas,314.93,15,7,Sul,2023-03-02
62,Produto C,Eletrônicos,446.2,15,5,Oeste,2023-03-03
63,Produto D,Casa,235.2,5,7,Sul,2023-03-04
64,Produto B,Casa,293.83,25,9,Norte,2023-03-05
65,Produto C,Livros,465.81,5,9,Norte,2023-03-06
66,Produto D,Livros,121.64,5,7,Leste,2023-03-07
67,Produto C,Roupas,433.53,15,7,Oeste,2023-03-08
68,Produto C,Livros,123.88,15,6,Norte,2023-03-09
69,Produto B,Casa,464.81,10,8,Sul,2023-03-10
70,Produto B,Roupas,265.16,0,3,Leste,2023-03-11
71,Produto C,Livros,305.97,20,3,Norte,2023-03-12
72,Produto D,Livros,162.02,10,3,Oeste,2023-03-13
73,Produto D,Livros,361.07,0,2,Oeste,2023-03-14
74,Produto D,Livros,285.83,15,6,Norte,2023-03-15
75,Produto A,Roupas,445.89,5,4,Oeste,2023-03-16
76,Produto C,Casa,467.35,0,1,Sul,2023-03-17
77,Produto C,Eletrônicos,342.58,15,5,Oeste,2023-03-18
78,Produto D,Roupas,406.06,5,6,Norte,2023-03-19
79,Produto C,Livros,489.62,10,3,Leste,2023-03-20
80,Produto B,Livros,297.74,10,5,Sul,2023-03-21
81,Produto A,Eletrônicos,470.88,20,3,Oeste,2023-03-22
82,Produto C,Livros,134.67,0,8,Oeste,2023-03-23
83,Produto D,Eletrônicos,394.33,5,8,Sul,2023-03-24
84,Produto B,Eletrônicos,219.95,25,6,Leste,2023-03-25
85,Produto D,Eletrônicos,380.01,5,6,Sul,2023-03-26
86,Produto D,Livros,280.79,20,8,Leste,2023-03-27
87,Produto C,Roupas,455.68,0,5,Sul,2023-03-28
88,Produto A,Casa,91.93,5,8,Leste,2023-03-29
89,Produto A,Casa,81.99,0,3,Norte,2023-03-30
90,Produto B,Roupas,235.81,25,2,Leste,2023-03-31
91,Produto C,Casa,132.23,20,3,Norte,2023-04-01
92,Produto B,Eletrônicos,315.08,15,1,Norte,2023-04-02
93,Produto A,Eletrônicos,247.28,0,3,Norte,2023-04-03
94,Produto D,Livros,325.86,15,2,Sul,2023-04-04
95,Produto A,Roupas,94.29,20,1,Norte,2023-04-05
96,Produto D,Roupas,87.71,5,1,Sul,2023-04-06
97,Produto B,Eletrônicos,19.87,20,2,Leste,2023-04-07
98,Produto A,Roupas,457.95,25,6,Sul,2023-04-08
99,Produto B,Eletrônicos,360.58,25,4,Norte,2023-04-09
100,Produto D,Roupas,366.04,15,9,Oeste,2023-04-10
101,Produto A,Casa,465.81,20,7,Norte,2023-04-11
102,Produto B,Eletrônicos,499.74,10,5,Sul,2023-04-12
103,Produto B,Roupas,192.91,5,5,Norte,2023-04-13
104,Produto D,Livros,118.83,0,8,Leste,2023-04-14
105,Produto C,Roupas,60.71,25,4,Oeste,2023-04-15
106,Produto A,Casa,442.5,0,5,Sul,2023-04-16
107,Produto D,Casa,236.47,15,4,Norte,2023-04-17
108,Produto B,Roupas,72.63,5,1,Leste,2023-04-18
109,Produto A,Roupas,150.84,0,4,Norte,2023-04-19
110,Produto B,Eletrônicos,89.83,0,5,Sul,2023-04-20
111,Produto D,Eletrônicos,153.23,15,8,Sul,2023-04-21
112,Produto C,Casa,389.43,25,7,Leste,2023-04-22
113,Produto B,Eletrônicos,330.39,10,3,Sul,2023-04-23
114,Produto A,Casa,362.52,20,3,Norte,2023-04-24
115,Produto B,Casa,331.93,0,8,Oeste,2023-04-25
116,Produto B,Roupas,286.33,15,3,Sul,2023-04-26
117,Produto A,Livros,91.05,25,4,Oeste,2023-04-27
118,Produto C,Roupas,134.43,5,9,Leste,2023-04-28
119,Produto B,Eletrônicos,106.96,10,7,Sul,2023-04-29
120,Produto B,Eletrônicos,465.61,20,3,Sul,2023-04-30
121,Produto D,Eletrônicos,207.12,20,4,Leste,2023-05-01
122,Produto A,Livros,421.3,0,4,Norte,2023-05-02
123,Produto B,Casa,492.31,15,9,Oeste,2023-05-03
124,Produto C,Eletrônicos,54.1,25,4,Norte,2023-05-04
125,Produto C,Roupas,404.13,15,2,Leste,2023-05-05
126,Produto A,Livros,61.24,25,7,Oeste,2023-05-06
127,Produto A,Casa,400.65,20,2,Sul,2023-05-07
128,Produto D,Roupas,383.79,10,5,Norte,2023-05-08
129,Produto D,Roupas,211.8,5,2,Leste,2023-05-09
130,Produto D,Casa,382.68,5,8,Leste,2023-05-10
131,Produto B,Eletrônicos,300.8,25,3,Norte,2023-05-11
132,Produto C,Casa,160.61,5,6,Leste,2023-05-12
133,Produto B,Casa,422.33,5,9,Oeste,2023-05-13
134,Produto D,Eletrônicos,345.9,10,4,Leste,2023-05-14
135,Produto D,Roupas,474.12,10,2,Oeste,2023-05-15
136,Produto A,Casa,89.15,5,7,Leste,2023-05-16
137,Produto D,Livros,212.86,5,2,Norte,2023-05-17
138,Produto C,Roupas,137.92,10,6,Oeste,2023-05-18
139,Produto A,Eletrônicos,105.2,25,6,Sul,2023-05-19
140,Produto B,Casa,372.25,15,1,Oeste,2023-05-20
141,Produto C,Eletrônicos,370.52,25,6,Leste,2023-05-21
142,Produto B,Livros,209.02,20,5,Oeste,2023-05-22
143,Produto C,Livros,454.45,0,8,Oeste,2023-05-23
144,Produto A,Livros,179.46,25,3,Sul,2023-05-24
145,Produto D,Casa,76.68,10,4,Oeste,2023-05-25
146,Produto C,Livros,451.15,25,2,Sul,2023-05-26
147,Produto D,Casa,430.79,15,6,Oeste,2023-05-27
148,Produto D,Eletrônicos,109.29,20,5,Norte,2023-05-28
149,Produto C,Roupas,328.51,20,6,Oeste,2023-05-29
150,Produto A,Roupas,127.23,15,3,Leste,2023-05-30
151,Produto A,Livros,367.17,5,2,Leste,2023-05-31
152,Produto C,Roupas,237.6,25,5,Leste,2023-06-01
153,Produto A,Casa,64.18,10,6,Norte,2023-06-02
154,Produto A,Casa,397.97,20,6,Sul,2023-06-03
155,Produto A,Casa,328.09,25,2,Sul,2023-06-04
156,Produto C,Casa,31.39,15,7,Leste,2023-06-05
157,Produto C,Casa,393.5,25,6,Norte,2023-06-06
158,Produto D,Casa,286.15,15,4,Leste,2023-06-07
159,Produto B,Casa,458.33,15,7,Oeste,2023-06-08
160,Produto B,Livros,69.73,20,9,Sul,2023-06-09
161,Produto B,Eletrônicos,301.09,25,2,Norte,2023-06-10
162,Produto C,Roupas,196.18,10,3,Sul,2023-06-11
163,Produto A,Roupas,221.28,25,7,Leste,2023-06-12
164,Produto A,Livros,212.79,10,3,Leste,2023-06-13
165,Produto A,Roupas,428.51,25,6,Norte,2023-06-14
166,Produto C,Casa,380.09,25,6,Leste,2023-06-15
167,Produto A,Livros,446.98,5,2,Sul,2023-06-16
168,Produto C,Livros,382.37,15,4,Norte,2023-06-17
169,Produto C,Livros,180.65,20,7,Oeste,2023-06-18
170,Produto D,Livros,193.3,15,3,Leste,2023-06-19
171,Produto B,Eletrônicos,461.48,15,3,Norte,2023-06-20
172,Produto B,Roupas,87.25,0,8,Norte,2023-06-21
173,Produto B,Eletrônicos,283.64,20,9,Oeste,2023-06-22
174,Produto C,Eletrônicos,283.91,20,2,Norte,2023-06-23
175,Produto C,Roupas,438.18,5,4,Norte,2023-06-24
176,Produto B,Casa,180.57,10,1,Oeste,2023-06-25
177,Produto A,Roupas,440.72,20,7,Norte,2023-06-26
178,Produto A,Livros,358.84,5,8,Norte,2023-06-27
179,Produto B,Casa,476.18,25,5,Leste,2023-06-28
180,Produto B,Livros,282.08,5,2,Leste,2023-06-29
181,Produto B,Livros,350.12,0,1,Oeste,2023-06-30
182,Produto D,Livros,102.1,15,5,Leste,2023-07-01
183,Produto C,Roupas,201.22,10,9,Sul,2023-07-02
184,Produto D,Roupas,122.51,10,1,Sul,2023-07-03
185,Produto B,Livros,31.28,10,3,Oeste,2023-07-04
186,Produto D,Eletrônicos,155.16,10,9,Oeste,2023-07-05
187,Produto A,Eletrônicos,206.44,0,5,Sul,2023-07-06
188,Produto C,Livros,242.65,5,6,Norte,2023-07-07
189,Produto A,Eletrônicos,432.17,20,9,Leste,2023-07-08
190,Produto A,Roupas,185.56,15,7,Norte,2023-07-09
191,Produto B,Livros,183.1,20,9,Oeste,2023-07-10
192,Produto C,Eletrônicos,142.08,25,8,Norte,2023-07-11
193,Produto B,Casa,391.87,25,4,Sul,2023-07-12
194,Produto D,Eletrônicos,38.89,0,2,Norte,2023-07-13
195,Produto B,Livros,23.74,15,7,Oeste,2023-07-14
196,Produto A,Roupas,298.21,0,9,Oeste,2023-07-15
197,Produto B,Roupas,221.37,5,6,Sul,2023-07-16
198,Produto A,Eletrônicos,115.42,10,4,Norte,2023-07-17
199,Produto D,Livros,486.95,15,8,Leste,2023-07-18
200,Produto C,Livros,297.99,5,6,Norte,2023-07-19
201,Produto D,Eletrônicos,168.09,15,9,Oeste,2023-07-20
202,Produto C,Roupas,165.4,20,7,Oeste,2023-07-21
203,Produto A,Casa,477.84,5,9,Leste,2023-07-22
204,Produto B,Eletrônicos,293.57,10,8,Oeste,2023-07-23
205,Produto B,Roupas,480.88,10,8,Sul,2023-07-24
206,Produto D,Casa,309.14,0,9,Sul,2023-07-25
207,Produto C,Casa,355.67,20,4,Norte,2023-07-26
208,Produto A,Casa,475.11,25,7,Oeste,2023-07-27
209,Produto A,Roupas,213.25,10,9,Oeste,2023-07-28
210,Produto B,Roupas,189.03,20,2,Leste,2023-07-29
211,Produto C,Eletrônicos,276.4,5,1,Leste,2023-07-30
212,Produto D,Livros,198.32,5,6,Sul,2023-07-31
213,Produto D,Casa,379.77,5,8,Sul,2023-08-01
214,Produto D,Livros,51.47,20,4,Sul,2023-08-02
215,Produto C,Roupas,440.64,15,7,Oeste,2023-08-03
216,Produto A,Livros,402.56,15,3,Leste,2023-08-04
217,Produto B,Roupas,158.33,5,8,Oeste,2023-08-05
218,Produto C,Eletrônicos,421.99,5,4,Oeste,2023-08-06
219,Produto D,Eletrônicos,477.13,0,9,Norte,2023-08-07
220,Produto A,Roupas,64.02,20,2,Norte,2023-08-08
221,Produto A,Casa,327.87,15,9,Sul,2023-08-09
222,Produto A,Roupas,411.71,20,2,Sul,2023-08-10
223,Produto C,Casa,428.86,10,1,Leste,2023-08-11
224,Produto D,Livros,119.21,0,2,Leste,2023-08-12
225,Produto C,Eletrônicos,499.99,20,2,Sul,2023-08-13
226,Produto A,Eletrônicos,474.34,20,3,Sul,2023-08-14
227,Produto D,Roupas,438.74,5,4,Leste,2023-08-15
228,Produto A,Casa,136.66,15,4,Norte,2023-08-16
229,Produto A,Roupas,425.44,25,5,Sul,2023-08-17
230,Produto A,Livros,408.45,15,8,Norte,2023-08-18
231,Produto D,Eletrônicos,413.62,25,8,Sul,2023-08-19
232,Produto B,Eletrônicos,410.72,10,5,Norte,2023-08-20
233,Produto B,Eletrônicos,30.4,20,8,Norte,2023-08-21
234,Produto A,Livros,240.23,5,6,Leste,2023-08-22
235,Produto B,Livros,477.26,20,4,Oeste,2023-08-23
236,Produto A,Casa,353.84,15,9,Oeste,2023-08-24
237,Produto B,Livros,339.29,5,9,Leste,2023-08-25
238,Produto D,Casa,97.32,25,1,Sul,2023-08-26
239,Produto A,Casa,366.77,15,5,Oeste,2023-08-27
240,Produto C,Eletrônicos,369.02,20,1,Norte,2023-08-28
241,Produto C,Roupas,111.23,25,8,Oeste,2023-08-29
242,Produto C,Casa,481.34,10,3,Norte,2023-08-30
243,Produto D,Eletrônicos,248.75,5,9,Sul,2023-08-31
244,Produto C,Casa,419.45,0,8,Oeste,2023-09-01
245,Produto C,Roupas,477.84,0,6,Leste,2023-09-02
246,Produto B,Roupas,39.56,5,7,Leste,2023-09-03
247,Produto C,Livros,223.08,5,2,Norte,2023-09-04
248,Produto C,Livros,214.64,5,5,Sul,2023-09-05
249,Produto D,Livros,296.42,20,9,Leste,2023-09-06
250,Produto D,Livros,459.66,25,7,Oeste,2023-09-07
251,Produto A,Eletrônicos,429.09,15,2,Norte,2023-09-08
252,Produto A,Livros,228.23,20,5,Leste,2023-09-09
253,Produto A,Casa,217.39,5,4,Leste,2023-09-10
254,Produto A,Livros,196.55,25,4,Norte,2023-09-11
255,Produto D,Livros,154.52,10,6,Sul,2023-09-12
256,Produto A,Eletrônicos,391.13,0,7,Sul,2023-09-13
257,Produto A,Roupas,279.86,15,5,Sul,2023-09-14
258,Produto D,Livros,318.41,5,5,Sul,2023-09-15
259,Produto D,Livros,117.02,5,8,Leste,2023-09-16
260,Produto C,Eletrônicos,220.21,5,4,Leste,2023-09-17
261,Produto C,Eletrônicos,406.25,15,3,Leste,2023-09-18
262,Produto B,Casa,389.04,0,8,Sul,2023-09-19
263,Produto D,Livros,96.9,0,5,Oeste,2023-09-20
264,Produto A,Livros,299.77,15,7,Norte,2023-09-21
265,Produto A,Eletrônicos,267.4,25,2,Oeste,2023-09-22
266,Produto B,Eletrônicos,416.08,10,8,Oeste,2023-09-23
267,Produto B,Livros,401.88,20,3,Leste,2023-09-24
268,Produto D,Livros,329.78,20,7,Norte,2023-09-25
269,Produto D,Livros,179.22,10,2,Leste,2023-09-26
270,Produto D,Livros,64.28,0,3,Leste,2023-09-27
271,Produto A,Roupas,489.44,10,1,Sul,2023-09-28
272,Produto B,Roupas,319.47,15,8,Oeste,2023-09-29
273,Produto D,Casa,275.33,0,8,Norte,2023-09-30
274,Produto C,Livros,150.57,0,3,Norte,2023-10-01
275,Produto B,Roupas,119.09,0,3,Norte,2023-10-02
276,Produto A,Eletrônicos,180.41,0,7,Norte,2023-10-03
277,Produto D,Eletrônicos,321.47,20,2,Sul,2023-10-04
278,Produto C,Eletrônicos,329.96,0,5,Oeste,2023-10-05
279,Produto D,Casa,290.61,25,4,Leste,2023-10-06
280,Produto A,Livros,438.77,20,1,Leste,2023-10-07
281,Produto A,Roupas,334.88,25,4,Oeste,2023-10-08
282,Produto B,Casa,27.34,10,4,Sul,2023-10-09
283,Produto B,Casa,445.24,15,5,Sul,2023-10-10
284,Produto D,Eletrônicos,131.03,15,9,Norte,2023-10-11
285,Produto D,Roupas,330.07,15,3,Norte,2023-10-12
286,Produto A,Roupas,325.14,5,2,Oeste,2023-10-13
287,Produto C,Livros,98.55,25,2,Oeste,2023-10-14
288,Produto D,Eletrônicos,262.66,20,3,Oeste,2023-10-15
289,Produto C,Eletrônicos,53.3,10,4,Norte,2023-10-16
290,Produto C,Livros,35.22,25,4,Oeste,2023-10-17
291,Produto A,Roupas,259.66,25,9,Sul,2023-10-18
292,Produto D,Livros,436.44,10,7,Leste,2023-10-19
293,Produto A,Eletrônicos,443.11,15,3,Oeste,2023-10-20
294,Produto A,Eletrônicos,401.86,0,8,Oeste,2023-10-21
295,Produto B,Livros,354.88,10,2,Oeste,2023-10-22
296,Produto B,Roupas,105.79,25,3,Oeste,2023-10-23
297,Produto A,Eletrônicos,138.87,10,3,Oeste,2023-10-24
298,Produto C,Roupas,105.02,15,2,Sul,2023-10-25
299,Produto A,Livros,160.33,15,9,Oeste,2023-10-26
300,Produto C,Casa,477.83,15,8,Norte,2023-10-27
301,Produto B,Roupas,474.06,15,6,Oeste,2023-10-28
302,Produto C,Livros,123.47,0,2,Norte,2023-10-29
303,Produto A,Casa,297.21,20,7,Sul,2023-10-30
304,Produto B,Livros,272.6,20,7,Norte,2023-10-31
305,Produto D,Casa,177.18,10,7,Sul,2023-11-01
306,Produto D,Roupas,279.85,5,2,Norte,2023-11-02
307,Produto B,Casa,67.23,25,7,Norte,2023-11-03
308,Produto C,Casa,56.25,10,7,Norte,2023-11-04
309,Produto C,Eletrônicos,211.73,20,3,Sul,2023-11-05
310,Produto D,Roupas,38.93,5,6,Sul,2023-11-06
311,Produto B,Casa,393.43,5,8,Norte,2023-11-07
312,Produto D,Casa,198.87,0,6,Oeste,2023-11-08
313,Produto A,Roupas,272.19,25,3,Norte,2023-11-09
314,Produto C,Livros,368.26,20,6,Leste,2023-11-10
315,Produto A,Casa,480.09,10,7,Sul,2023-11-11
316,Produto D,Livros,74.2,20,9,Leste,2023-11-12
317,Produto B,Roupas,357.07,15,9,Norte,2023-11-13
318,Produto A,Casa,32.72,5,8,Oeste,2023-11-14
319,Produto A,Eletrônicos,19.53,0,6,Norte,2023-11-15
320,Produto B,Livros,185.18,15,3,Leste,2023-11-16
321,Produto B,Eletrônicos,220.98,15,7,Norte,2023-11-17
322,Produto D,Roupas,37.55,0,3,Oeste,2023-11-18
323,Produto A,Livros,138.22,15,8,Oeste,2023-11-19
324,Produto D,Livros,321.54,20,5,Sul,2023-11-20
325,Produto B,Eletrônicos,39.72,5,9,Norte,2023-11-21
326,Produto B,Eletrônicos,86.21,5,5,Sul,2023-11-22
327,Produto A,Casa,400.05,5,4,Oeste,2023-11-23
328,Produto B,Eletrônicos,244.72,15,4,Oeste,2023-11-24
329,Produto C,Livros,46.81,20,1,Sul,2023-11-25
330,Produto B,Casa,197.8,15,7,Leste,2023-11-26
331,Produto A,Casa,174.58,20,6,Leste,2023-11-27
332,Produto D,Casa,331.4,10,9,Oeste,2023-11-28
333,Produto D,Eletrônicos,497.96,20,3,Norte,2023-11-29
334,Produto C,Roupas,38.01,10,6,Sul,2023-11-30
335,Produto B,Casa,384.9,5,9,Leste,2023-12-01
336,Produto B,Livros,215.43,20,6,Oeste,2023-12-02
337,Produto B,Eletrônicos,328.22,10,6,Oeste,2023-12-03
338,Produto A,Livros,219.98,5,9,Sul,2023-12-04
339,Produto A,Roupas,141.69,0,5,Oeste,2023-12-05
340,Produto A,Casa,484.42,0,1,Oeste,2023-12-06
341,Produto C,Casa,406.41,25,8,Leste,2023-12-07
342,Produto B,Casa,158.82,5,5,Sul,2023-12-08
343,Produto C,Eletrônicos,341.22,25,6,Norte,2023-12-09
344,Produto D,Roupas,472.88,25,4,Sul,2023-12-10
345,Produto A,Roupas,448.57,20,4,Norte,2023-12-11
346,Produto D,Casa,63.09,10,8,Norte,2023-12-12
347,Produto C,Roupas,24.9,25,7,Sul,2023-12-13
348,Produto A,Casa,444.78,10,7,Oeste,2023-12-14
349,Produto A,Casa,48.83,0,7,Norte,2023-12-15
350,Produto A,Eletrônicos,459.28,25,3,Oeste,2023-12-16
351,Produto A,Casa,128.7,20,3,Oeste,2023-12-17
352,Produto D,Livros,190.71,0,1,Sul,2023-12-18
353,Produto D,Casa,173.85,5,9,Sul,2023-12-19
354,Produto B,Casa,360.49,0,9,Norte,2023-12-20
355,Produto C,Casa,250.98,20,1,Norte,2023-12-21
356,Produto A,Roupas,40.28,15,5,Norte,2023-12-22
357,Produto A,Casa,111.01,0,6,Oeste,2023-12-23
358,Produto A,Roupas,481.49,10,1,Leste,2023-12-24
359,Produto A,Casa,375.3,15,9,Leste,2023-12-25
360,Produto A,Casa,310.88,5,6,Norte,2023-12-26
361,Produto C,Livros,44.65,0,5,Norte,2023-12-27
362,Produto A,Livros,27.95,25,8,Oeste,2023-12-28
363,Produto C,Casa,120.51,0,8,Sul,2023-12-29
364,Produto A,Livros,49.62,25,7,Oeste,2023-12-30
365,Produto A,Livros,422.83,25,3,Leste,2023-12-31
366,Produto D,Roupas,275.83,5,7,Norte,2024-01-01
367,Produto D,Roupas,30.3,0,6,Sul,2024-01-02
368,Produto D,Casa,392.5,15,7,Oeste,2024-01-03
369,Produto B,Livros,153.32,0,5,Norte,2024-01-04
370,Produto C,Casa,321.99,0,9,Norte,2024-01-05
371,Produto A,Roupas,228.57,15,8,Leste,2024-01-06
372,Produto D,Livros,288.43,15,5,Oeste,2024-01-07
373,Produto D,Casa,121.08,0,6,Leste,2024-01-08
374,Produto A,Eletrônicos,124.2,20,4,Leste,2024-01-09
375,Produto A,Casa,231.15,25,6,Leste,2024-01-10
376,Produto D,Livros,413.49,15,2,Sul,2024-01-11
377,Produto D,Eletrônicos,477.06,5,4,Leste,2024-01-12
378,Produto A,Casa,368.15,5,5,Oeste,2024-01-13
379,Produto C,Eletrônicos,52.47,15,3,Sul,2024-01-14
380,Produto D,Livros,114.94,5,7,Norte,2024-01-15
381,Produto B,Roupas,110.21,10,2,Oeste,2024-01-16
382,Produto D,Casa,209.78,5,2,Leste,2024-01-17
383,Produto A,Casa,383.32,10,5,Norte,2024-01-18
384,Produto A,Casa,388.64,20,4,Oeste,2024-01-19
385,Produto D,Roupas,446.31,15,6,Oeste,2024-01-20
386,Produto A,Livros,111.71,15,6,Oeste,2024-01-21
387,Produto C,Livros,240.59,5,8,Norte,2024-01-22
388,Produto A,Roupas,431.18,25,1,Sul,2024-01-23
389,Produto D,Roupas,486.54,0,7,Sul,2024-01-24
390,Produto B,Casa,182.64,15,9,Sul,2024-01-25
391,Produto A,Casa,347.29,0,3,Norte,2024-01-26
392,Produto C,Roupas,483.65,0,9,Oeste,2024-01-27
393,Produto D,Roupas,371.06,25,4,Sul,2024-01-28
394,Produto A,Casa,300.7,5,5,Norte,2024-01-29
395,Produto B,Livros,472.55,5,8,Leste,2024-01-30
396,Produto C,Eletrônicos,191.5,0,6,Leste,2024-01-31
397,Produto B,Casa,442.8,10,9,Sul,2024-02-01
398,Produto C,Roupas,272.82,10,1,Oeste,2024-02-02
399,Produto B,Eletrônicos,272.56,10,9,Norte,2024-02-03
400,Produto C,Roupas,92.98,20,1,Sul,2024-02-04
401,Produto D,Livros,414.5,10,1,Sul,2024-02-05
402,Produto C,Eletrônicos,231.87,15,6,Leste,2024-02-06
403,Produto A,Eletrônicos,322.33,5,3,Leste,2024-02-07
404,Produto B,Eletrônicos,224.06,20,4,Oeste,2024-02-08
405,Produto C,Livros,312.7,25,1,Norte,2024-02-09
406,Produto A,Livros,431.68,25,3,Oeste,2024-02-10
407,Produto D,Roupas,206.63,20,1,Leste,2024-02-11
408,Produto C,Roupas,89.04,25,8,Sul,2024-02-12
409,Produto C,Casa,444.46,15,2,Norte,2024-02-13
410,Produto C,Roupas,439.87,0,2,Sul,2024-02-14
411,Produto D,Livros,146.09,25,4,Leste,2024-02-15
412,Produto A,Livros,472.46,10,9,Sul,2024-02-16
413,Produto B,Casa,384.58,15,5,Sul,2024-02-17
414,Produto D,Livros,71.65,15,4,Oeste,2024-02-18
415,Produto B,Casa,177.23,5,6,Norte,2024-02-19
416,Produto A,Casa,104.1,20,8,Leste,2024-02-20
417,Produto A,Roupas,392.6,10,2,Norte,2024-02-21
418,Produto D,Casa,47.08,0,8,Leste,2024-02-22
419,Produto B,Livros,402.83,5,4,Norte,2024-02-23
420,Produto D,Roupas,55.32,25,7,Leste,2024-02-24
421,Produto B,Casa,29.77,10,1,Norte,2024-02-25
422,Produto C,Eletrônicos,327.01,10,6,Leste,2024-02-26
423,Produto B,Eletrônicos,19.07,15,8,Leste,2024-02-27
424,Produto B,Roupas,387.25,10,9,Norte,2024-02-28
425,Produto C,Livros,182.01,20,2,Leste,2024-02-29
426,Produto D,Livros,326.85,5,1,Sul,2024-03-01
427,Produto A,Eletrônicos,69.65,0,2,Leste,2024-03-02
428,Produto D,Roupas,492.2,0,8,Oeste,2024-03-03
429,Produto C,Eletrônicos,495.1,25,2,Leste,2024-03-04
430,Produto D,Livros,432.42,20,3,Leste,2024-03-05
431,Produto C,Roupas,100.23,5,5,Oeste,2024-03-06
432,Produto B,Casa,188.12,25,9,Oeste,2024-03-07
433,Produto D,Livros,353.32,25,9,Leste,2024-03-08
434,Produto C,Casa,92.24,0,6,Oeste,2024-03-09
435,Produto A,Livros,152.56,0,8,Norte,2024-03-10
436,Produto C,Casa,391.02,15,8,Oeste,2024-03-11
437,Produto A,Eletrônicos,94.42,5,6,Leste,2024-03-12
438,Produto A,Roupas,483.36,5,5,Oeste,2024-03-13
439,Produto C,Eletrônicos,47.08,15,7,Sul,2024-03-14
440,Produto D,Roupas,285.78,0,9,Sul,2024-03-15
441,Produto D,Livros,152.72,15,3,Oeste,2024-03-16
442,Produto A,Eletrônicos,349.58,15,1,Norte,2024-03-17
443,Produto B,Roupas,95.88,20,3,Norte,2024-03-18
444,Produto B,Casa,141.14,15,6,Leste,2024-03-19
445,Produto D,Livros,264.75,10,3,Leste,2024-03-20
446,Produto C,Livros,122.59,15,4,Leste,2024-03-21
447,Produto D,Roupas,84.52,5,7,Norte,2024-03-22
448,Produto D,Roupas,87.99,0,5,Leste,2024-03-23
449,Produto A,Eletrônicos,80.35,0,3,Leste,2024-03-24
450,Produto B,Casa,337.91,25,6,Sul,2024-03-25
451,Produto A,Roupas,34.72,10,9,Sul,2024-03-26
452,Produto B,Casa,321.69,25,5,Oeste,2024-03-27
453,Produto B,Casa,315.36,20,6,Norte,2024-03-28
454,Produto B,Eletrônicos,52.92,10,6,Norte,2024-03-29
455,Produto C,Casa,150.23,0,5,Leste,2024-03-30
456,Produto C,Casa,34.67,15,1,Leste,2024-03-31
457,Produto A,Livros,243.64,10,9,Oeste,2024-04-01
458,Produto B,Roupas,384.15,25,4,Norte,2024-04-02
459,Produto A,Eletrônicos,439.94,5,6,Norte,2024-04-03
460,Produto A,Eletrônicos,340.49,0,5,Leste,2024-04-04
461,Produto A,Roupas,430.08,25,7,Leste,2024-04-05
462,Produto C,Livros,342.19,15,6,Oeste,2024-04-06
463,Produto B,Livros,374.96,15,1,Oeste,2024-04-07
464,Produto A,Livros,92.04,10,6,Sul,2024-04-08
465,Produto A,Livros,256.55,15,6,Leste,2024-04-09
466,Produto D,Livros,406.79,10,8,Norte,2024-04-10
467,Produto C,Roupas,305.09,0,7,Norte,2024-04-11
468,Produto D,Livros,396.19,15,3,Leste,2024-04-12
469,Produto A,Casa,169.98,0,6,Leste,2024-04-13
470,Produto D,Casa,251.22,25,2,Norte,2024-04-14
471,Produto B,Eletrônicos,157.17,10,4,Sul,2024-04-15
472,Produto C,Livros,45.34,5,3,Oeste,2024-04-16
473,Produto B,Casa,334.9,5,7,Leste,2024-04-17
474,Produto A,Eletrônicos,86.04,15,2,Leste,2024-04-18
475,Produto C,Casa,104.41,25,1,Oeste,2024-04-19
476,Produto D,Livros,209.82,10,6,Norte,2024-04-20
477,Produto B,Roupas,478.51,20,2,Oeste,2024-04-21
478,Produto A,Livros,211.71,20,3,Oeste,2024-04-22
479,Produto A,Eletrônicos,25.51,20,4,Norte,2024-04-23
480,Produto D,Livros,177.5,5,7,Sul,2024-04-24
481,Produto C,Casa,283.62,15,2,Leste,2024-04-25
482,Produto D,Livros,367.15,10,4,Oeste,2024-04-26
483,Produto A,Roupas,431.77,0,8,Norte,2024-04-27
484,Produto B,Roupas,191.43,5,5,Norte,2024-04-28
485,Produto C,Livros,143.78,20,2,Oeste,2024-04-29
486,Produto A,Casa,297.34,10,3,Norte,2024-04-30
487,Produto B,Eletrônicos,329.32,0,1,Leste,2024-05-01
488,Produto D,Livros,186.73,20,3,Oeste,2024-05-02
489,Produto A,Eletrônicos,14.4,25,1,Leste,2024-05-03
490,Produto B,Eletrônicos,438.81,20,4,Leste,2024-05-04
491,Produto A,Livros,383.58,10,2,Leste,2024-05-05
492,Produto A,Roupas,248.31,20,7,Oeste,2024-05-06
493,Produto D,Livros,24.64,10,9,Leste,2024-05-07
494,Produto A,Roupas,124.55,5,1,Leste,2024-05-08
495,Produto A,Livros,434.47,5,1,Norte,2024-05-09
496,Produto A,Roupas,212.24,15,8,Norte,2024-05-10
497,Produto D,Livros,82.96,0,8,Leste,2024-05-11
498,Produto C,Roupas,82.85,5,4,Leste,2024-05-12
499,Produto A,Eletrônicos,243.86,0,8,Sul,2024-05-13
500,Produto C,Livros,398.79,0,6,Norte,2024-05-14
501,Produto B,Eletrônicos,105.12,20,1,Oeste,2024-05-15
502,Produto C,Eletrônicos,409.11,15,6,Norte,2024-05-16
503,Produto C,Casa,442.88,25,5,Norte,2024-05-17
504,Produto C,Roupas,80.67,0,1,Sul,2024-05-18
505,Produto D,Eletrônicos,468.29,25,5,Sul,2024-05-19
506,Produto C,Roupas,159.23,10,6,Norte,2024-05-20
507,Produto A,Roupas,28.59,15,2,Oeste,2024-05-21
508,Produto C,Eletrônicos,88.41,10,9,Leste,2024-05-22
509,Produto C,Roupas,10.11,5,4,Leste,2024-05-23
510,Produto B,Livros,188.19,20,8,Oeste,2024-05-24
511,Produto B,Livros,439.9,10,9,Leste,2024-05-25
512,Produto A,Livros,48.31,20,3,Sul,2024-05-26
513,Produto A,Eletrônicos,214.93,5,6,Leste,2024-05-27
514,Produto D,Roupas,476.5,5,5,Oeste,2024-05-28
515,Produto C,Eletrônicos,131.47,20,3,Sul,2024-05-29
516,Produto D,Roupas,468.61,15,8,Leste,2024-05-30
517,Produto C,Roupas,452.03,20,5,Leste,2024-05-31
518,Produto C,Livros,185.53,25,9,Sul,2024-06-01
519,Produto B,Eletrônicos,362.26,15,2,Leste,2024-06-02
520,Produto D,Casa,134.33,20,8,Leste,2024-06-03
521,Produto D,Eletrônicos,431.95,5,4,Oeste,2024-06-04
522,Produto A,Eletrônicos,310.91,5,2,Norte,2024-06-05
523,Produto A,Casa,143.59,20,5,Oeste,2024-06-06
524,Produto B,Livros,441.93,20,9,Leste,2024-06-07
525,Produto C,Livros,154.47,20,6,Leste,2024-06-08
526,Produto A,Livros,430.82,20,7,Leste,2024-06-09
527,Produto C,Livros,211.17,20,2,Leste,2024-06-10
528,Produto D,Roupas,64.31,25,6,Leste,2024-06-11
529,Produto D,Casa,376.61,15,5,Oeste,2024-06-12
530,Produto A,Livros,97.3,5,7,Oeste,2024-06-13
531,Produto C,Livros,493.98,5,2,Sul,2024-06-14
532,Produto D,Eletrônicos,488.29,10,8,Sul,2024-06-15
533,Produto C,Roupas,172.48,15,5,Sul,2024-06-16
534,Produto B,Eletrônicos,488.39,10,4,Leste,2024-06-17
535,Produto A,Eletrônicos,111.3,5,1,Sul,2024-06-18
536,Produto C,Roupas,259.71,15,2,Norte,2024-06-19
537,Produto C,Casa,405.13,0,5,Oeste,2024-06-20
538,Produto C,Casa,390.15,10,3,Leste,2024-06-21
539,Produto B,Livros,421.32,15,1,Oeste,2024-06-22
540,Produto B,Casa,10.91,0,8,Sul,2024-06-23
541,Produto D,Roupas,394.58,10,2,Norte,2024-06-24
542,Produto B,Roupas,356.81,0,4,Leste,2024-06-25
543,Produto D,Eletrônicos,191.66,5,5,Oeste,2024-06-26
544,Produto D,Livros,312.2,10,3,Leste,2024-06-27
545,Produto A,Roupas,420.54,25,4,Oeste,2024-06-28
546,Produto D,Livros,32.24,0,3,Leste,2024-06-29
547,Produto A,Livros,134.03,15,6,Oeste,2024-06-30
548,Produto D,Roupas,235.17,0,2,Sul,2024-07-01
549,Produto D,Eletrônicos,158.28,5,9,Oeste,2024-07-02
550,Produto A,Eletrônicos,431.72,5,6,Leste,2024-07-03
551,Produto D,Roupas,474.93,10,5,Sul,2024-07-04
552,Produto D,Eletrônicos,242.52,10,7,Sul,2024-07-05
553,Produto A,Roupas,262.95,20,7,Oeste,2024-07-06
554,Produto C,Livros,318.16,5,4,Norte,2024-07-07
555,Produto D,Livros,236.62,25,9,Sul,2024-07-08
556,Produto B,Livros,63.36,15,5,Oeste,2024-07-09
557,Produto B,Roupas,145.2,5,3,Norte,2024-07-10
558,Produto C,Eletrônicos,340.8,20,4,Oeste,2024-07-11
559,Produto D,Roupas,378.23,25,6,Leste,2024-07-12
560,Produto A,Casa,436.28,5,5,Sul,2024-07-13
561,Produto A,Livros,436.09,20,1,Norte,2024-07-14
562,Produto B,Casa,308.38,0,4,Norte,2024-07-15
563,Produto A,Casa,484.97,15,9,Leste,2024-07-16
564,Produto B,Livros,232.37,5,7,Norte,2024-07-17
565,Produto B,Casa,196.46,20,4,Leste,2024-07-18
566,Produto C,Eletrônicos,375.93,5,8,Sul,2024-07-19
567,Produto C,Eletrônicos,147.87,5,9,Norte,2024-07-20
568,Produto D,Livros,329.11,20,4,Sul,2024-07-21
569,Produto D,Eletrônicos,307.77,10,8,Oeste,2024-07-22
570,Produto B,Roupas,82.28,20,4,Leste,2024-07-23
571,Produto D,Roupas,372.77,25,7,Oeste,2024-07-24
572,Produto A,Roupas,294.74,20,4,Sul,2024-07-25
573,Produto A,Eletrônicos,381.7,10,2,Sul,2024-07-26
574,Produto A,Roupas,179.9,0,3,Norte,2024-07-27
575,Produto C,Livros,434.47,25,4,Leste,2024-07-28
576,Produto B,Eletrônicos,470.47,15,7,Oeste,2024-07-29
577,Produto C,Casa,218.77,15,4,Sul,2024-07-30
578,Produto B,Livros,73.51,5,3,Oeste,2024-07-31
579,Produto A,Roupas,419.82,15,2,Oeste,2024-08-01
580,Produto B,Roupas,424.56,15,2,Norte,2024-08-02
581,Produto B,Eletrônicos,346.7,25,5,Oeste,2024-08-03
582,Produto A,Roupas,81.79,0,1,Norte,2024-08-04
583,Produto D,Casa,449.02,25,7,Leste,2024-08-05
584,Produto D,Casa,491.02,20,3,Leste,2024-08-06
585,Produto D,Livros,411.11,20,1,Sul,2024-08-07
586,Produto B,Eletrônicos,19.22,20,3,Oeste,2024-08-08
587,Produto B,Livros,145.86,0,7,Sul,2024-08-09
588,Produto D,Roupas,209.26,10,6,Sul,2024-08-10
589,Produto A,Eletrônicos,89.33,20,7,Norte,2024-08-11
590,Produto A,Livros,194.18,5,7,Oeste,2024-08-12
591,Produto C,Casa,14.27,25,2,Norte,2024-08-13
592,Produto D,Eletrônicos,499.32,15,3,Oeste,2024-08-14
593,Produto B,Roupas,397.54,20,7,Oeste,2024-08-15
594,Produto A,Casa,287.02,0,8,Oeste,2024-08-16
595,Produto C,Livros,46.68,25,5,Sul,2024-08-17
596,Produto D,Eletrônicos,384.86,20,7,Norte,2024-08-18
597,Produto D,Casa,159.13,0,1,Oeste,2024-08-19
598,Produto A,Livros,173.62,15,5,Oeste,2024-08-20
599,Produto C,Casa,417.42,5,3,Oeste,2024-08-21
600,Produto D,Livros,243.36,10,3,Leste,2024-08-22
601,Produto D,Livros,438.6,15,2,Norte,2024-08-23
602,Produto C,Eletrônicos,463.06,0,4,Oeste,2024-08-24
603,Produto B,Casa,448.88,5,1,Norte,2024-08-25
604,Produto D,Eletrônicos,384.82,25,5,Norte,2024-08-26
605,Produto B,Roupas,330.16,25,3,Oeste,2024-08-27
606,Produto D,Roupas,205.47,0,7,Leste,2024-08-28
607,Produto C,Eletrônicos,235.17,15,9,Sul,2024-08-29
608,Produto A,Livros,455.82,10,8,Sul,2024-08-30
609,Produto C,Eletrônicos,485.25,0,6,Sul,2024-08-31
610,Produto A,Eletrônicos,84.47,20,7,Sul,2024-09-01
611,Produto B,Eletrônicos,133.7,5,7,Norte,2024-09-02
612,Produto C,Livros,56.14,5,6,Sul,2024-09-03
613,Produto D,Roupas,488.79,10,6,Norte,2024-09-04
614,Produto B,Casa,205.38,25,3,Leste,2024-09-05
615,Produto D,Livros,250.3,25,8,Sul,2024-09-06
616,Produto B,Roupas,250.76,20,9,Norte,2024-09-07
617,Produto A,Roupas,429.03,5,2,Leste,2024-09-08
618,Produto A,Eletrônicos,395.03,10,2,Sul,2024-09-09
619,Produto A,Livros,162.44,25,1,Sul,2024-09-10
620,Produto B,Eletrônicos,400.74,15,3,Sul,2024-09-11
621,Produto D,Casa,102.8,15,6,Leste,2024-09-12
622,Produto B,Livros,52.47,5,3,Norte,2024-09-13
623,Produto C,Casa,328.67,25,9,Oeste,2024-09-14
624,Produto D,Eletrônicos,311.88,15,5,Norte,2024-09-15
625,Produto C,Eletrônicos,425.04,10,9,Norte,2024-09-16
626,Produto D,Casa,170.17,10,2,Oeste,2024-09-17
627,Produto B,Casa,148.13,15,6,Norte,2024-09-18
628,Produto C,Casa,395.18,5,9,Oeste,2024-09-19
629,Produto C,Livros,315.33,15,8,Sul,2024-09-20
630,Produto B,Casa,457.96,0,9,Sul,2024-09-21
631,Produto D,Livros,63.3,10,6,Oeste,2024-09-22
632,Produto A,Eletrônicos,148.58,25,8,Norte,2024-09-23
633,Produto D,Livros,473.25,5,4,Oeste,2024-09-24
634,Produto A,Roupas,339.3,5,6,Norte,2024-09-25
635,Produto A,Eletrônicos,90.96,25,4,Sul,2024-09-26
636,Produto B,Casa,152.77,10,2,Sul,2024-09-27
637,Produto B,Livros,370.61,10,2,Sul,2024-09-28
638,Produto D,Livros,452.88,25,8,Sul,2024-09-29
639,Produto A,Eletrônicos,156.99,15,2,Norte,2024-09-30
640,Produto D,Eletrônicos,416.55,0,9,Sul,2024-10-01
641,Produto C,Livros,54.98,10,2,Oeste,2024-10-02
642,Produto C,Roupas,443.03,10,2,Sul,2024-10-03
643,Produto C,Roupas,239.51,0,6,Norte,2024-10-04
644,Produto B,Eletrônicos,61.11,10,1,Norte,2024-10-05
645,Produto A,Livros,22.43,25,9,Sul,2024-10-06
646,Produto B,Livros,118.4,5,7,Leste,2024-10-07
647,Produto A,Livros,318.59,5,6,Sul,2024-10-08
648,Produto C,Roupas,192.92,0,4,Sul,2024-10-09
649,Produto C,Roupas,159.98,20,3,Sul,2024-10-10
650,Produto D,Livros,204.36,15,6,Leste,2024-10-11
651,Produto A,Roupas,431.19,25,5,Oeste,2024-10-12
652,Produto C,Eletrônicos,355.33,0,3,Sul,2024-10-13
653,Produto A,Livros,432.33,0,6,Oeste,2024-10-14
654,Produto B,Livros,364.04,15,2,Sul,2024-10-15
655,Produto B,Livros,140.41,15,5,Oeste,2024-10-16
656,Produto D,Livros,37.41,5,9,Sul,2024-10-17
657,Produto D,Eletrônicos,460.16,0,6,Sul,2024-10-18
658,Produto B,Casa,225.01,25,7,Oeste,2024-10-19
659,Produto A,Eletrônicos,303.43,0,5,Oeste,2024-10-20
660,Produto B,Eletrônicos,16.61,10,8,Leste,2024-10-21
661,Produto C,Livros,412.8,15,2,Sul,2024-10-22
662,Produto C,Casa,252.82,10,5,Sul,2024-10-23
663,Produto B,Casa,408.73,5,9,Sul,2024-10-24
664,Produto A,Livros,23.46,10,2,Leste,2024-10-25
665,Produto D,Roupas,414.59,25,6,Norte,2024-10-26
666,Produto B,Livros,130.23,0,6,Norte,2024-10-27
667,Produto B,Casa,266.89,20,5,Leste,2024-10-28
668,Produto C,Livros,291.87,20,3,Leste,2024-10-29
669,Produto A,Eletrônicos,358.16,25,8,Sul,2024-10-30
670,Produto C,Casa,240.16,25,6,Oeste,2024-10-31
671,Produto C,Livros,258.98,0,5,Oeste,2024-11-01
672,Produto D,Livros,71.76,10,3,Norte,2024-11-02
673,Produto C,Eletrônicos,276.25,25,1,Sul,2024-11-03
674,Produto B,Livros,267.52,15,2,Norte,2024-11-04
675,Produto A,Livros,131.46,15,3,Oeste,2024-11-05
676,Produto B,Livros,23.24,20,2,Norte,2024-11-06
677,Produto B,Roupas,258.46,25,4,Leste,2024-11-07
678,Produto C,Casa,401.77,5,2,Sul,2024-11-08
679,Produto D,Roupas,464.86,5,7,Oeste,2024-11-09
680,Produto A,Livros,334.27,25,2,Norte,2024-11-10
681,Produto C,Eletrônicos,211.67,10,3,Oeste,2024-11-11
682,Produto C,Livros,90.21,15,7,Norte,2024-11-12
683,Produto B,Casa,470.64,15,2,Oeste,2024-11-13
684,Produto D,Livros,330.39,20,4,Sul,2024-11-14
685,Produto A,Eletrônicos,129.54,0,4,Sul,2024-11-15
686,Produto A,Livros,248.23,20,2,Norte,2024-11-16
687,Produto B,Eletrônicos,171.18,0,5,Oeste,2024-11-17
688,Produto A,Roupas,272.09,0,3,Leste,2024-11-18
689,Produto D,Livros,443.86,10,5,Oeste,2024-11-19
690,Produto C,Eletrônicos,115.5,0,4,Sul,2024-11-20
691,Produto B,Roupas,349.67,15,5,Norte,2024-11-21
692,Produto A,Roupas,228.16,20,4,Norte,2024-11-22
693,Produto C,Casa,338.1,25,7,Norte,2024-11-23
694,Produto C,Livros,28.04,10,6,Oeste,2024-11-24
695,Produto D,Casa,291.36,0,6,Leste,2024-11-25
696,Produto A,Casa,265.15,15,3,Sul,2024-11-26
697,Produto B,Livros,34.45,10,6,Leste,2024-11-27
698,Produto A,Roupas,468.6,25,2,Leste,2024-11-28
699,Produto D,Roupas,246.81,15,6,Norte,2024-11-29
700,Produto A,Livros,92.35,0,4,Leste,2024-11-30
701,Produto B,Roupas,122.71,15,1,Norte,2024-12-01
702,Produto B,Livros,217.8,15,3,Sul,2024-12-02
703,Produto D,Eletrônicos,395.96,5,4,Sul,2024-12-03
704,Produto C,Eletrônicos,25.86,5,8,Oeste,2024-12-04
705,Produto A,Roupas,294.92,0,7,Oeste,2024-12-05
706,Produto D,Eletrônicos,119.51,10,8,Oeste,2024-12-06
707,Produto C,Eletrônicos,170.48,5,9,Leste,2024-12-07
708,Produto D,Livros,328.7,15,9,Sul,2024-12-08
709,Produto C,Roupas,25.5,0,7,Leste,2024-12-09
710,Produto B,Livros,91.21,25,3,Sul,2024-12-10
711,Produto C,Livros,80.62,20,9,Leste,2024-12-11
712,Produto D,Roupas,211.48,5,9,Oeste,2024-12-12
713,Produto C,Roupas,430.33,5,8,Norte,2024-12-13
714,Produto B,Eletrônicos,456.67,20,1,Leste,2024-12-14
715,Produto A,Eletrônicos,233.27,15,2,Norte,2024-12-15
716,Produto D,Casa,315.58,10,6,Leste,2024-12-16
717,Produto A,Casa,52.96,0,5,Oeste,2024-12-17
718,Produto D,Eletrônicos,218.42,25,8,Norte,2024-12-18
719,Produto B,Eletrônicos,85.45,0,3,Oeste,2024-12-19
720,Produto B,Casa,308.34,10,1,Oeste,2024-12-20
721,Produto C,Casa,236.04,15,6,Sul,2024-12-21
722,Produto D,Eletrônicos,132.61,10,4,Norte,2024-12-22
723,Produto B,Eletrônicos,457.35,10,1,Leste,2024-12-23
724,Produto D,Eletrônicos,268.47,25,4,Sul,2024-12-24
725,Produto C,Roupas,67.21,0,6,Leste,2024-12-25
726,Produto C,Eletrônicos,10.44,25,4,Oeste,2024-12-26
727,Produto B,Casa,96.24,10,9,Sul,2024-12-27
728,Produto C,Roupas,338.55,25,3,Oeste,2024-12-28
729,Produto C,Roupas,46.27,15,6,Leste,2024-12-29
730,Produto C,Eletrônicos,266.69,10,6,Sul,2024-12-30
731,Produto D,Eletrônicos,241.0,5,2,Oeste,2024-12-31
732,Produto D,Livros,177.91,15,9,Sul,2025-01-01
733,Produto C,Casa,317.9,15,8,Leste,2025-01-02
734,Produto C,Livros,217.17,20,4,Oeste,2025-01-03
735,Produto B,Casa,65.71,25,9,Sul,2025-01-04
736,Produto B,Roupas,310.6,20,8,Oeste,2025-01-05
737,Produto A,Livros,310.8,0,9,Leste,2025-01-06
738,Produto C,Eletrônicos,49.31,25,1,Sul,2025-01-07
739,Produto C,Roupas,493.06,15,1,Leste,2025-01-08
740,Produto A,Roupas,196.54,10,6,Oeste,2025-01-09
741,Produto A,Eletrônicos,302.85,25,3,Sul,2025-01-10
742,Produto B,Casa,253.6,10,2,Leste,2025-01-11
743,Produto C,Casa,237.18,25,7,Leste,2025-01-12
744,Produto C,Livros,478.41,10,7,Norte,2025-01-13
745,Produto D,Casa,101.05,10,3,Leste,2025-01-14
746,Produto A,Livros,112.5,0,2,Oeste,2025-01-15
747,Produto C,Casa,246.89,10,8,Norte,2025-01-16
748,Produto B,Casa,140.41,5,1,Norte,2025-01-17
749,Produto A,Livros,386.16,15,3,Leste,2025-01-18
750,Produto B,Eletrônicos,144.32,5,8,Leste,2025-01-19
751,Produto A,Eletrônicos,493.45,5,7,Sul,2025-01-20
752,Produto C,Livros,57.2,10,9,Leste,2025-01-21
753,Produto B,Roupas,376.2,25,3,Oeste,2025-01-22
754,Produto A,Eletrônicos,449.06,20,4,Oeste,2025-01-23
755,Produto A,Casa,229.0,15,1,Oeste,2025-01-24
756,Produto A,Eletrônicos,357.56,10,7,Sul,2025-01-25
757,Produto A,Livros,157.01,10,1,Oeste,2025-01-26
758,Produto B,Eletrônicos,358.53,5,7,Leste,2025-01-27
759,Produto A,Casa,475.42,25,7,Norte,2025-01-28
760,Produto B,Casa,441.14,25,2,Leste,2025-01-29
761,Produto D,Livros,360.16,5,2,Leste,2025-01-30
762,Produto D,Livros,424.44,25,3,Norte,2025-01-31
763,Produto D,Eletrônicos,399.64,15,7,Norte,2025-02-01
764,Produto C,Roupas,242.21,10,1,Leste,2025-02-02
765,Produto C,Eletrônicos,176.13,5,7,Sul,2025-02-03
766,Produto D,Livros,243.07,10,4,Norte,2025-02-04
767,Produto B,Eletrônicos,122.77,5,2,Sul,2025-02-05
768,Produto B,Livros,294.5,20,8,Oeste,2025-02-06
769,Produto C,Roupas,98.7,0,7,Norte,2025-02-07
770,Produto B,Roupas,353.33,5,7,Norte,2025-02-08
771,Produto C,Casa,182.48,25,5,Leste,2025-02-09
772,Produto C,Eletrônicos,488.7,10,4,Oeste,2025-02-10
773,Produto A,Roupas,309.39,20,8,Norte,2025-02-11
774,Produto A,Casa,333.55,20,9,Leste,2025-02-12
775,Produto B,Roupas,487.9,20,5,Sul,2025-02-13
776,Produto D,Eletrônicos,406.14,20,5,Leste,2025-02-14
777,Produto A,Roupas,342.01,20,6,Sul,2025-02-15
778,Produto C,Casa,147.32,20,8,Norte,2025-02-16
779,Produto A,Eletrônicos,394.63,5,6,Sul,2025-02-17
780,Produto C,Eletrônicos,145.21,5,1,Sul,2025-02-18
781,Produto C,Eletrônicos,85.07,5,2,Norte,2025-02-19
782,Produto C,Livros,133.39,25,9,Oeste,2025-02-20
783,Produto A,Eletrônicos,373.79,0,2,Norte,2025-02-21
784,Produto C,Casa,298.83,25,3,Sul,2025-02-22
785,Produto D,Roupas,257.31,20,4,Norte,2025-02-23
786,Produto B,Livros,54.92,25,2,Leste,2025-02-24
787,Produto B,Roupas,325.98,15,1,Norte,2025-02-25
788,Produto C,Casa,404.02,15,2,Norte,2025-02-26
789,Produto C,Casa,55.42,10,4,Leste,2025-02-27
790,Produto A,Casa,80.19,5,7,Oeste,2025-02-28
791,Produto D,Livros,170.65,0,2,Leste,2025-03-01
792,Produto D,Livros,318.19,20,1,Sul,2025-03-02
793,Produto A,Eletrônicos,302.19,25,6,Sul,2025-03-03
794,Produto C,Livros,354.31,20,5,Oeste,2025-03-04
795,Produto C,Eletrônicos,489.38,15,3,Norte,2025-03-05
796,Produto D,Livros,123.36,5,8,Norte,2025-03-06
797,Produto A,Livros,20.37,5,4,Norte,2025-03-07
798,Produto C,Casa,281.4,5,6,Sul,2025-03-08
799,Produto B,Casa,152.56,10,4,Oeste,2025-03-09
800,Produto B,Livros,16.74,5,8,Sul,2025-03-10
801,Produto D,Eletrônicos,214.01,5,7,Leste,2025-03-11
802,Produto B,Roupas,325.62,20,3,Leste,2025-03-12
803,Produto D,Eletrônicos,120.54,10,3,Norte,2025-03-13
804,Produto D,Livros,398.83,20,6,Sul,2025-03-14
805,Produto B,Livros,287.7,10,2,Leste,2025-03-15
806,Produto C,Casa,123.3,5,1,Sul,2025-03-16
807,Produto D,Eletrônicos,340.98,20,9,Oeste,2025-03-17
808,Produto C,Roupas,187.82,0,8,Sul,2025-03-18
809,Produto A,Roupas,342.56,10,9,Oeste,2025-03-19
810,Produto C,Eletrônicos,31.91,10,5,Oeste,2025-03-20
811,Produto A,Roupas,320.83,20,2,Sul,2025-03-21
812,Produto D,Casa,58.32,15,6,Oeste,2025-03-22
813,Produto A,Casa,373.49,20,2,Sul,2025-03-23
814,Produto B,Casa,274.9,15,7,Leste,2025-03-24
815,Produto C,Eletrônicos,210.01,15,7,Norte,2025-03-25
816,Produto B,Livros,72.24,25,4,Oeste,2025-03-26
817,Produto A,Casa,273.91,0,7,Sul,2025-03-27
818,Produto B,Livros,319.07,0,5,Norte,2025-03-28
819,Produto A,Casa,50.43,25,7,Norte,2025-03-29
820,Produto C,Casa,61.26,10,6,Oeste,2025-03-30
821,Produto D,Casa,176.3,15,1,Sul,2025-03-31
822,Produto D,Casa,261.42,15,7,Sul,2025-04-01
823,Produto B,Casa,276.57,0,2,Norte,2025-04-02
824,Produto D,Livros,326.2,15,6,Oeste,2025-04-03
825,Produto C,Eletrônicos,135.61,20,7,Leste,2025-04-04
826,Produto A,Livros,160.24,20,1,Oeste,2025-04-05
827,Produto D,Roupas,99.31,10,1,Sul,2025-04-06
828,Produto C,Livros,185.83,25,4,Sul,2025-04-07
829,Produto A,Roupas,169.67,0,9,Oeste,2025-04-08
830,Produto A,Livros,119.15,25,7,Leste,2025-04-09
831,Produto B,Casa,108.59,25,3,Leste,2025-04-10
832,Produto C,Eletrônicos,262.8,5,7,Oeste,2025-04-11
833,Produto B,Roupas,381.07,5,5,Sul,2025-04-12
834,Produto D,Roupas,305.41,25,2,Oeste,2025-04-13
835,Produto D,Roupas,428.9,20,4,Leste,2025-04-14
836,Produto B,Roupas,265.98,20,2,Sul,2025-04-15
837,Produto B,Casa,491.33,20,3,Norte,2025-04-16
838,Produto D,Roupas,121.59,5,7,Norte,2025-04-17
839,Produto D,Casa,149.0,10,8,Leste,2025-04-18
840,Produto D,Casa,146.81,10,2,Oeste,2025-04-19
841,Produto B,Livros,214.91,15,8,Oeste,2025-04-20
842,Produto B,Livros,459.53,25,2,Norte,2025-04-21
843,Produto B,Livros,284.45,10,8,Oeste,2025-04-22
844,Produto B,Eletrônicos,429.63,25,5,Sul,2025-04-23
845,Produto C,Eletrônicos,196.81,15,1,Sul,2025-04-24
846,Produto B,Roupas,470.01,15,3,Norte,2025-04-25
847,Produto B,Casa,22.29,10,3,Norte,2025-04-26
848,Produto A,Roupas,54.75,0,7,Leste,2025-04-27
849,Produto C,Eletrônicos,132.4,0,3,Leste,2025-04-28
850,Produto B,Roupas,108.53,20,5,Sul,2025-04-29
851,Produto D,Eletrônicos,324.02,5,7,Norte,2025-04-30
852,Produto D,Eletrônicos,273.54,10,3,Oeste,2025-05-01
853,Produto C,Livros,469.91,25,3,Leste,2025-05-02
854,Produto B,Livros,480.32,0,6,Norte,2025-05-03
855,Produto C,Livros,149.62,25,9,Oeste,2025-05-04
856,Produto D,Roupas,24.32,0,8,Sul,2025-05-05
857,Produto A,Eletrônicos,284.32,0,4,Oeste,2025-05-06
858,Produto B,Livros,71.42,10,3,Norte,2025-05-07
859,Produto C,Eletrônicos,45.21,10,3,Oeste,2025-05-08
860,Produto D,Livros,215.3,10,3,Oeste,2025-05-09
861,Produto C,Casa,418.71,10,4,Norte,2025-05-10
862,Produto D,Casa,131.28,10,7,Leste,2025-05-11
863,Produto C,Livros,441.06,0,5,Norte,2025-05-12
864,Produto D,Roupas,208.39,5,5,Norte,2025-05-13
865,Produto D,Roupas,393.65,15,6,Norte,2025-05-14
866,Produto A,Casa,209.92,20,3,Norte,2025-05-15
867,Produto A,Eletrônicos,65.89,10,2,Norte,2025-05-16
868,Produto B,Eletrônicos,62.41,10,2,Oeste,2025-05-17
869,Produto C,Eletrônicos,116.92,5,8,Norte,2025-05-18
870,Produto C,Eletrônicos,414.34,5,4,Leste,2025-05-19
871,Produto C,Casa,180.95,0,3,Oeste,2025-05-20
872,Produto C,Roupas,428.76,25,9,Norte,2025-05-21
873,Produto A,Eletrônicos,177.75,25,5,Leste,2025-05-22
874,Produto A,Casa,354.22,5,4,Leste,2025-05-23
875,Produto A,Roupas,318.3,25,2,Oeste,2025-05-24
876,Produto C,Casa,276.56,0,2,Norte,2025-05-25
877,Produto C,Roupas,442.81,5,2,Norte,2025-05-26
878,Produto D,Livros,113.08,0,8,Oeste,2025-05-27
879,Produto D,Livros,52.21,15,3,Oeste,2025-05-28
880,Produto A,Roupas,272.48,25,9,Norte,2025-05-29
881,Produto D,Casa,478.44,15,4,Norte,2025-05-30
882,Produto B,Eletrônicos,483.2,10,1,Norte,2025-05-31
883,Produto D,Casa,218.26,20,6,Norte,2025-06-01
884,Produto C,Eletrônicos,311.53,5,5,Norte,2025-06-02
885,Produto A,Roupas,318.56,20,9,Leste,2025-06-03
886,Produto C,Livros,54.59,5,7,Norte,2025-06-04
887,Produto D,Livros,253.63,5,1,Norte,2025-06-05
888,Produto C,Livros,30.13,10,3,Norte,2025-06-06
889,Produto C,Roupas,396.84,20,2,Leste,2025-06-07
890,Produto B,Roupas,479.1,0,5,Oeste,2025-06-08
891,Produto B,Eletrônicos,137.44,15,2,Sul,2025-06-09
892,Produto B,Livros,263.16,0,8,Leste,2025-06-10
893,Produto A,Livros,142.6,15,4,Norte,2025-06-11
894,Produto B,Casa,326.36,5,4,Oeste,2025-06-12
895,Produto D,Eletrônicos,278.24,0,7,Norte,2025-06-13
896,Produto D,Livros,397.53,0,3,Norte,2025-06-14
897,Produto D,Livros,101.55,15,2,Leste,2025-06-15
898,Produto B,Eletrônicos,409.15,0,7,Norte,2025-06-16
899,Produto C,Livros,461.87,25,7,Sul,2025-06-17
900,Produto D,Eletrônicos,26.28,25,4,Sul,2025-06-18
901,Produto C,Casa,81.49,0,1,Norte,2025-06-19
902,Produto C,Livros,497.33,5,3,Leste,2025-06-20
903,Produto D,Livros,357.31,25,5,Oeste,2025-06-21
904,Produto B,Eletrônicos,199.86,20,3,Oeste,2025-06-22
905,Produto A,Casa,394.3,0,5,Oeste,2025-06-23
906,Produto B,Eletrônicos,256.3,20,9,Sul,2025-06-24
907,Produto C,Eletrônicos,12.46,0,8,Norte,2025-06-25
908,Produto D,Roupas,388.45,5,4,Leste,2025-06-26
909,Produto D,Casa,437.68,10,7,Leste,2025-06-27
910,Produto A,Livros,14.95,0,2,Oeste,2025-06-28
911,Produto A,Eletrônicos,353.91,0,8,Oeste,2025-06-29
912,Produto A,Roupas,348.86,0,5,Sul,2025-06-30
913,Produto A,Casa,433.96,5,6,Oeste,2025-07-01
914,Produto B,Roupas,422.2,10,8,Oeste,2025-07-02
915,Produto B,Livros,84.4,20,3,Norte,2025-07-03
916,Produto D,Eletrônicos,376.42,25,9,Leste,2025-07-04
917,Produto B,Casa,356.1,20,4,Sul,2025-07-05
918,Produto C,Livros,128.85,0,3,Norte,2025-07-06
919,Produto B,Roupas,237.85,10,8,Leste,2025-07-07
920,Produto A,Roupas,239.98,25,3,Norte,2025-07-08
921,Produto D,Roupas,75.82,0,9,Oeste,2025-07-09
922,Produto A,Livros,464.36,25,7,Norte,2025-07-10
923,Produto A,Eletrônicos,171.14,0,1,Oeste,2025-07-11
924,Produto D,Livros,483.51,15,9,Oeste,2025-07-12
925,Produto A,Livros,371.13,10,8,Leste,2025-07-13
926,Produto D,Casa,224.29,0,9,Norte,2025-07-14
927,Produto B,Livros,92.18,10,6,Sul,2025-07-15
928,Produto C,Roupas,164.74,0,6,Oeste,2025-07-16
929,Produto D,Eletrônicos,185.55,15,5,Sul,2025-07-17
930,Produto D,Casa,209.59,10,6,Leste,2025-07-18
931,Produto B,Livros,142.68,25,5,Leste,2025-07-19
932,Produto A,Roupas,434.1,0,9,Oeste,2025-07-20
933,Produto D,Eletrônicos,246.07,5,8,Oeste,2025-07-21
934,Produto D,Livros,293.49,25,7,Oeste,2025-07-22
935,Produto C,Casa,64.42,20,2,Oeste,2025-07-23
936,Produto B,Roupas,108.66,0,6,Oeste,2025-07-24
937,Produto D,Livros,234.03,20,5,Leste,2025-07-25
938,Produto A,Casa,65.32,25,1,Oeste,2025-07-26
939,Produto D,Livros,189.12,10,4,Oeste,2025-07-27
940,Produto C,Roupas,280.65,25,8,Norte,2025-07-28
941,Produto D,Roupas,193.51,25,4,Sul,2025-07-29
942,Produto B,Casa,21.77,20,3,Sul,2025-07-30
943,Produto B,Casa,313.64,5,7,Sul,2025-07-31
944,Produto B,Eletrônicos,247.48,15,9,Oeste,2025-08-01
945,Produto D,Casa,365.63,10,6,Oeste,2025-08-02
946,Produto A,Livros,147.38,25,5,Leste,2025-08-03
947,Produto B,Roupas,420.8,10,7,Sul,2025-08-04
948,Produto C,Roupas,289.44,0,6,Sul,2025-08-05
949,Produto D,Livros,12.04,15,4,Oeste,2025-08-06
950,Produto B,Casa,344.42,0,2,Oeste,2025-08-07
951,Produto C,Casa,456.31,25,4,Oeste,2025-08-08
952,Produto D,Livros,125.13,0,2,Sul,2025-08-09
953,Produto A,Casa,491.11,25,4,Norte,2025-08-10
954,Produto C,Roupas,410.25,20,5,Leste,2025-08-11
955,Produto B,Roupas,310.18,25,5,Oeste,2025-08-12
956,Produto C,Eletrônicos,322.74,15,9,Oeste,2025-08-13
957,Produto D,Casa,140.34,15,1,Norte,2025-08-14
958,Produto C,Eletrônicos,59.11,15,6,Oeste,2025-08-15
959,Produto B,Roupas,132.98,15,4,Oeste,2025-08-16
960,Produto A,Eletrônicos,166.76,20,5,Leste,2025-08-17
961,Produto A,Livros,387.95,20,3,Leste,2025-08-18
962,Produto D,Eletrônicos,76.83,5,7,Oeste,2025-08-19
963,Produto C,Eletrônicos,173.71,10,4,Norte,2025-08-20
964,Produto C,Roupas,293.72,0,2,Norte,2025-08-21
965,Produto A,Eletrônicos,82.26,20,9,Oeste,2025-08-22
966,Produto B,Livros,100.52,20,4,Oeste,2025-08-23
967,Produto C,Eletrônicos,409.61,5,6,Sul,2025-08-24
968,Produto C,Roupas,141.88,20,1,Leste,2025-08-25
969,Produto B,Eletrônicos,281.19,25,3,Leste,2025-08-26
970,Produto A,Eletrônicos,162.9,0,4,Sul,2025-08-27
971,Produto D,Roupas,384.24,10,4,Leste,2025-08-28
972,Produto D,Eletrônicos,306.68,15,6,Sul,2025-08-29
973,Produto A,Roupas,98.36,20,9,Oeste,2025-08-30
974,Produto C,Roupas,470.4,25,7,Oeste,2025-08-31
975,Produto C,Eletrônicos,123.33,10,9,Norte,2025-09-01
976,Produto C,Livros,186.02,20,1,Leste,2025-09-02
977,Produto A,Eletrônicos,408.3,20,1,Sul,2025-09-03
978,Produto D,Eletrônicos,84.15,25,6,Sul,2025-09-04
979,Produto B,Casa,388.91,20,1,Leste,2025-09-05
980,Produto B,Roupas,228.11,5,8,Oeste,2025-09-06
981,Produto B,Eletrônicos,125.14,0,1,Leste,2025-09-07
982,Produto A,Roupas,33.77,5,2,Norte,2025-09-08
983,Produto D,Roupas,393.86,0,5,Norte,2025-09-09
984,Produto B,Eletrônicos,416.24,0,5,Oeste,2025-09-10
985,Produto C,Livros,68.17,20,7,Norte,2025-09-11
986,Produto B,Roupas,377.87,10,3,Oeste,2025-09-12
987,Produto C,Roupas,162.76,0,2,Norte,2025-09-13
988,Produto D,Roupas,410.92,5,1,Oeste,2025-09-14
989,Produto A,Roupas,340.94,5,5,Oeste,2025-09-15
990,Produto C,Roupas,105.58,10,8,Norte,2025-09-16
991,Produto C,Eletrônicos,325.12,25,3,Oeste,2025-09-17
992,Produto D,Eletrônicos,233.05,0,4,Norte,2025-09-18
993,Produto A,Roupas,216.95,10,3,Norte,2025-09-19
994,Produto C,Casa,312.83,5,6,Leste,2025-09-20
995,Produto A,Roupas,201.17,0,5,Norte,2025-09-21
996,Produto A,Eletrônicos,466.82,15,6,Leste,2025-09-22
997,Produto D,Eletrônicos,220.69,0,4,Oeste,2025-09-23
998,Produto C,Roupas,471.72,5,6,Sul,2025-09-24
999,Produto A,Eletrônicos,476.14,20,1,Leste,2025-09-25
1000,Produto C,Casa,35.27,10,1,Norte,2025-09-26
